Algoritmo,Cenario,Seed,Turnaround,TrocasContexto,JainIndex
FCFS,1,1,38414.9460,3200,91.1415
FCFS,1,2,38765.2160,3217,93.0119
FCFS,1,3,38895.0150,3231,92.9671
FCFS,1,4,38784.8770,3218,92.1440
FCFS,1,5,39206.4900,3229,92.4819
FCFS,1,6,38645.3050,3211,91.9625
FCFS,1,7,39070.2380,3222,92.7421
FCFS,1,8,38057.2440,3161,91.8333
FCFS,1,9,37942.8460,3160,92.6846
FCFS,1,10,38705.3280,3210,92.0901
FCFS,1,11,38907.9500,3188,92.1531
FCFS,1,12,39349.5970,3226,92.2963
FCFS,1,13,38909.1910,3198,92.3142
FCFS,1,14,38805.0800,3192,90.9877
FCFS,1,15,38508.8040,3223,92.5055
FCFS,1,16,38413.3130,3177,92.4055
FCFS,1,17,38791.6170,3197,92.2232
FCFS,1,18,38248.5930,3191,91.8632
FCFS,1,19,39471.7020,3219,91.2264
FCFS,1,20,38095.4120,3189,92.0171
FCFS,1,21,38264.5060,3174,91.8407
FCFS,1,22,38872.6890,3216,92.3193
FCFS,1,23,39007.9000,3219,92.5549
FCFS,1,24,37828.8690,3159,92.2208
FCFS,1,25,38875.8270,3195,92.0855
FCFS,1,26,38524.8460,3217,91.7970
FCFS,1,27,39161.4240,3231,92.0251
FCFS,1,28,38955.1290,3223,92.8882
FCFS,1,29,38868.9120,3216,92.9345
FCFS,1,30,38612.7660,3221,92.9016
FCFS,1,31,38595.2090,3224,91.7984
FCFS,1,32,38730.0040,3196,91.1029
FCFS,1,33,38455.2210,3181,92.5217
FCFS,1,34,39424.0330,3232,93.0001
FCFS,1,35,38819.1240,3217,90.7416
FCFS,1,36,38717.0170,3214,92.4032
FCFS,1,37,39461.7580,3233,92.1816
FCFS,1,38,38225.4850,3185,91.1499
FCFS,1,39,39501.1250,3222,92.5305
FCFS,1,40,38892.6800,3223,91.6170
FCFS,1,41,38847.7120,3188,92.3214
FCFS,1,42,39447.1230,3229,92.1949
FCFS,1,43,39656.3630,3248,91.5529
FCFS,1,44,38508.5610,3208,91.4889
FCFS,1,45,38229.0650,3187,91.4326
FCFS,1,46,38892.5750,3220,92.3863
FCFS,1,47,38352.0030,3188,91.8268
FCFS,1,48,38202.8160,3185,92.8470
FCFS,1,49,38946.1670,3205,92.5013
FCFS,1,50,37275.4970,3142,91.3030
FCFS,1,51,38874.5750,3209,91.7578
FCFS,1,52,38946.5220,3212,91.5857
FCFS,1,53,38194.8780,3187,92.1641
FCFS,1,54,37925.7710,3201,91.0174
FCFS,1,55,38655.0330,3207,91.9104
FCFS,1,56,38432.1680,3195,91.7437
FCFS,1,57,38472.3160,3191,92.2399
FCFS,1,58,38717.6940,3206,92.4308
FCFS,1,59,38942.7840,3209,92.2672
FCFS,1,60,39217.3070,3218,92.2461
FCFS,1,61,39091.1560,3222,92.1702
FCFS,1,62,38390.1520,3203,92.3131
FCFS,1,63,38297.1080,3182,91.9370
FCFS,1,64,38811.3640,3215,91.5082
FCFS,1,65,38564.6830,3192,91.8318
FCFS,1,66,38452.5420,3201,92.1019
FCFS,1,67,38001.7980,3186,91.6543
FCFS,1,68,38683.4640,3201,92.8302
FCFS,1,69,39017.8890,3204,92.3724
FCFS,1,70,38683.3650,3217,93.3214
FCFS,1,71,39673.5960,3247,94.0079
FCFS,1,72,38692.2930,3189,93.1252
FCFS,1,73,38380.6950,3195,93.1558
FCFS,1,74,38212.1940,3166,91.3656
FCFS,1,75,38154.5640,3207,92.1626
FCFS,1,76,38266.4550,3187,91.5718
FCFS,1,77,38765.0010,3183,92.3765
FCFS,1,78,38596.5800,3185,92.5507
FCFS,1,79,38622.4920,3194,92.5973
FCFS,1,80,38551.6890,3197,92.6272
FCFS,1,81,39548.0580,3225,92.3562
FCFS,1,82,37886.8310,3201,92.5639
FCFS,1,83,38731.7300,3192,92.4336
FCFS,1,84,38089.4660,3180,91.1775
FCFS,1,85,37790.7520,3164,91.1913
FCFS,1,86,37828.6050,3197,91.1945
FCFS,1,87,38231.1880,3181,91.8764
FCFS,1,88,38731.9620,3198,91.9731
FCFS,1,89,38152.6520,3151,92.1935
FCFS,1,90,38188.3480,3157,92.0486
FCFS,1,91,39169.1310,3217,91.8688
FCFS,1,92,38292.4080,3161,91.3590
FCFS,1,93,38874.1930,3211,92.0387
FCFS,1,94,37830.5440,3170,91.4347
FCFS,1,95,38057.9860,3176,92.2126
FCFS,1,96,39024.6410,3193,91.2838
FCFS,1,97,38117.9150,3188,92.0946
FCFS,1,98,38722.0830,3213,92.4495
FCFS,1,99,38584.6190,3205,92.4790
FCFS,1,100,38229.7450,3199,92.2626
RR,1,1,48117.8650,6533,95.3875
RR,1,2,48835.7450,6582,95.5025
RR,1,3,48823.9340,6629,95.5445
RR,1,4,48250.9860,6556,95.1105
RR,1,5,49408.5280,6634,95.9402
RR,1,6,48794.3340,6600,95.5217
RR,1,7,48983.9740,6597,95.5195
RR,1,8,47997.9250,6542,95.5059
RR,1,9,47726.9930,6506,95.6150
RR,1,10,48655.2360,6597,95.4558
RR,1,11,48983.1800,6589,95.6610
RR,1,12,49437.6460,6666,95.4018
RR,1,13,48874.2770,6577,96.0216
RR,1,14,48348.8590,6533,95.3059
RR,1,15,48302.9080,6544,95.1903
RR,1,16,48545.1160,6537,95.2330
RR,1,17,48275.0900,6581,95.5281
RR,1,18,47952.3220,6527,95.3832
RR,1,19,49702.8430,6699,95.7128
RR,1,20,47840.0870,6532,95.5879
RR,1,21,47847.6430,6504,95.1153
RR,1,22,48811.4150,6576,95.4763
RR,1,23,48882.5360,6609,95.2757
RR,1,24,47764.0900,6505,95.4872
RR,1,25,49106.6840,6598,95.3449
RR,1,26,48196.1520,6537,95.7843
RR,1,27,49169.1370,6645,95.5860
RR,1,28,49231.3380,6631,95.9239
RR,1,29,48905.6160,6584,95.8687
RR,1,30,48263.3390,6557,95.5439
RR,1,31,48411.4490,6571,95.3510
RR,1,32,48421.6650,6581,95.2358
RR,1,33,48486.7760,6550,95.7803
RR,1,34,49443.7880,6597,95.9400
RR,1,35,48560.9040,6584,94.5126
RR,1,36,49040.8400,6569,95.5911
RR,1,37,49496.5270,6722,95.4565
RR,1,38,47846.0360,6511,95.3267
RR,1,39,49279.2090,6621,95.7622
RR,1,40,48340.0770,6575,95.5831
RR,1,41,48726.5010,6537,95.4438
RR,1,42,49124.8130,6651,95.5784
RR,1,43,49649.8510,6662,95.7753
RR,1,44,48555.1010,6581,95.3157
RR,1,45,47905.1890,6500,95.1944
RR,1,46,48659.3500,6620,95.2941
RR,1,47,47992.3410,6551,95.5177
RR,1,48,47860.4000,6502,95.2664
RR,1,49,48703.9440,6613,95.8128
RR,1,50,46992.4230,6408,95.5718
RR,1,51,48671.5450,6580,95.2348
RR,1,52,48826.0350,6630,95.2723
RR,1,53,48232.3490,6517,95.6519
RR,1,54,47475.6850,6500,94.6849
RR,1,55,48454.3110,6573,95.2202
RR,1,56,48013.0750,6523,95.5822
RR,1,57,48746.9550,6560,95.2382
RR,1,58,48506.5490,6537,95.4494
RR,1,59,49069.7070,6584,95.5683
RR,1,60,49240.3990,6605,95.4568
RR,1,61,49192.6350,6612,96.0083
RR,1,62,48254.3760,6530,95.1145
RR,1,63,48186.1520,6518,95.5083
RR,1,64,48642.9220,6571,95.5656
RR,1,65,48380.3820,6536,95.7996
RR,1,66,48294.1800,6561,95.6030
RR,1,67,47494.0960,6492,95.3665
RR,1,68,48321.7900,6553,95.6149
RR,1,69,49172.4720,6590,95.1156
RR,1,70,48779.4610,6580,95.7446
RR,1,71,49914.8670,6647,96.0321
RR,1,72,48720.8050,6575,95.6516
RR,1,73,48237.1190,6546,95.4270
RR,1,74,47659.2050,6509,95.2067
RR,1,75,47907.4700,6514,95.5005
RR,1,76,48132.8650,6519,95.5608
RR,1,77,48816.7660,6607,95.3749
RR,1,78,48585.5000,6579,95.6483
RR,1,79,48230.7720,6525,95.7702
RR,1,80,48269.6140,6539,95.6877
RR,1,81,49734.7570,6650,95.4144
RR,1,82,47361.6570,6470,95.8485
RR,1,83,48871.6180,6562,95.5994
RR,1,84,47804.6380,6473,95.5054
RR,1,85,47016.4900,6455,95.1171
RR,1,86,47207.4560,6487,95.2020
RR,1,87,47898.1950,6518,94.8475
RR,1,88,48816.3280,6593,95.1167
RR,1,89,48213.5240,6508,95.3748
RR,1,90,47956.4350,6529,94.9664
RR,1,91,49171.3230,6602,95.7287
RR,1,92,48215.0770,6526,95.0204
RR,1,93,49013.3350,6609,95.5777
RR,1,94,47559.4170,6477,95.3083
RR,1,95,47735.8600,6473,95.2500
RR,1,96,48863.3090,6591,95.5045
RR,1,97,47856.0240,6471,95.7142
RR,1,98,48114.9800,6493,94.9433
RR,1,99,48564.5180,6556,95.3262
RR,1,100,47799.3040,6495,95.4647
PRIORIDADE,1,1,26342.0530,3200,64.6119
PRIORIDADE,1,2,26740.4580,3217,65.4460
PRIORIDADE,1,3,26894.1340,3231,64.1324
PRIORIDADE,1,4,26758.5660,3218,64.4581
PRIORIDADE,1,5,26924.6560,3229,65.3561
PRIORIDADE,1,6,26564.3280,3211,63.1791
PRIORIDADE,1,7,27048.6370,3222,63.6267
PRIORIDADE,1,8,26317.7850,3161,63.3362
PRIORIDADE,1,9,26332.3390,3160,61.7970
PRIORIDADE,1,10,26645.4370,3210,65.1443
PRIORIDADE,1,11,26703.3070,3188,63.7817
PRIORIDADE,1,12,27156.6850,3226,63.2747
PRIORIDADE,1,13,26860.3000,3198,64.2942
PRIORIDADE,1,14,26778.3740,3192,60.8932
PRIORIDADE,1,15,26308.0950,3223,65.5204
PRIORIDADE,1,16,26215.7650,3177,64.6617
PRIORIDADE,1,17,26616.6560,3197,64.6128
PRIORIDADE,1,18,26336.6160,3191,61.3904
PRIORIDADE,1,19,26951.5860,3219,63.4060
PRIORIDADE,1,20,26364.4450,3189,63.0989
PRIORIDADE,1,21,26144.0750,3174,63.6670
PRIORIDADE,1,22,26691.9960,3216,64.8465
PRIORIDADE,1,23,26864.4100,3219,65.0297
PRIORIDADE,1,24,26272.1490,3159,64.7877
PRIORIDADE,1,25,26597.2760,3195,63.4314
PRIORIDADE,1,26,26351.2270,3217,63.9003
PRIORIDADE,1,27,26778.6500,3231,65.5617
PRIORIDADE,1,28,26951.0420,3223,66.1558
PRIORIDADE,1,29,26645.2470,3216,65.8638
PRIORIDADE,1,30,26310.1350,3221,64.8658
PRIORIDADE,1,31,26686.4790,3224,62.4522
PRIORIDADE,1,32,26761.6120,3196,64.4720
PRIORIDADE,1,33,26122.2640,3181,65.2755
PRIORIDADE,1,34,26825.1080,3232,67.2304
PRIORIDADE,1,35,26619.5970,3217,63.1132
PRIORIDADE,1,36,26819.8990,3214,65.0898
PRIORIDADE,1,37,27186.2340,3233,64.2398
PRIORIDADE,1,38,26321.4460,3185,61.6611
PRIORIDADE,1,39,26828.4950,3222,64.3310
PRIORIDADE,1,40,26866.5550,3223,62.7279
PRIORIDADE,1,41,26505.5010,3188,65.2697
PRIORIDADE,1,42,27006.0540,3229,64.5859
PRIORIDADE,1,43,27074.5370,3248,63.8121
PRIORIDADE,1,44,26517.5510,3208,63.2625
PRIORIDADE,1,45,26287.3170,3187,62.4205
PRIORIDADE,1,46,26963.5770,3220,66.0103
PRIORIDADE,1,47,26442.3460,3188,63.0266
PRIORIDADE,1,48,26173.4130,3185,65.3738
PRIORIDADE,1,49,27114.9030,3205,65.6219
PRIORIDADE,1,50,25569.9850,3142,63.8119
PRIORIDADE,1,51,26677.3250,3209,64.8806
PRIORIDADE,1,52,26957.9120,3212,65.0418
PRIORIDADE,1,53,26283.1790,3187,64.4593
PRIORIDADE,1,54,25913.4560,3201,63.7901
PRIORIDADE,1,55,26525.2820,3207,64.4835
PRIORIDADE,1,56,26633.3450,3195,64.2442
PRIORIDADE,1,57,26709.8020,3191,64.0709
PRIORIDADE,1,58,26676.5060,3206,63.2328
PRIORIDADE,1,59,26597.9840,3209,64.0284
PRIORIDADE,1,60,26759.7700,3218,64.2192
PRIORIDADE,1,61,26577.8670,3222,65.4289
PRIORIDADE,1,62,26568.5960,3203,62.3563
PRIORIDADE,1,63,26387.0980,3182,62.2756
PRIORIDADE,1,64,26304.4750,3215,62.6989
PRIORIDADE,1,65,26342.4450,3192,66.0130
PRIORIDADE,1,66,26511.1820,3201,62.7996
PRIORIDADE,1,67,25987.2950,3186,63.8201
PRIORIDADE,1,68,26911.3230,3201,62.8167
PRIORIDADE,1,69,26598.1190,3204,64.7722
PRIORIDADE,1,70,26381.9590,3217,65.9568
PRIORIDADE,1,71,27180.8600,3247,65.4936
PRIORIDADE,1,72,26670.2900,3189,64.9992
PRIORIDADE,1,73,26556.3070,3195,63.8438
PRIORIDADE,1,74,26376.6310,3166,63.1879
PRIORIDADE,1,75,26202.2160,3207,63.5274
PRIORIDADE,1,76,26055.9050,3187,64.1303
PRIORIDADE,1,77,26381.5650,3183,65.3355
PRIORIDADE,1,78,26416.3900,3185,65.7314
PRIORIDADE,1,79,26387.8480,3194,63.7592
PRIORIDADE,1,80,26651.7460,3197,65.3556
PRIORIDADE,1,81,26869.6850,3225,63.5859
PRIORIDADE,1,82,25862.6310,3201,64.2899
PRIORIDADE,1,83,26438.2540,3192,65.4776
PRIORIDADE,1,84,26163.4910,3180,64.4158
PRIORIDADE,1,85,25900.7060,3164,63.7103
PRIORIDADE,1,86,26555.6780,3197,63.3704
PRIORIDADE,1,87,26032.1610,3181,64.9371
PRIORIDADE,1,88,26758.1440,3198,63.2496
PRIORIDADE,1,89,26368.0470,3151,63.9059
PRIORIDADE,1,90,26513.9220,3157,65.2598
PRIORIDADE,1,91,26696.3760,3217,64.9204
PRIORIDADE,1,92,26448.2050,3161,63.7795
PRIORIDADE,1,93,26632.3100,3211,63.2328
PRIORIDADE,1,94,26405.9130,3170,65.1272
PRIORIDADE,1,95,26087.7100,3176,63.5781
PRIORIDADE,1,96,26620.6970,3193,65.9442
PRIORIDADE,1,97,26260.1420,3188,63.9628
PRIORIDADE,1,98,26265.9820,3213,65.2463
PRIORIDADE,1,99,26636.7800,3205,64.1801
PRIORIDADE,1,100,26234.4960,3199,65.2231
PROPRIO,1,1,63262.1120,27382,63.2650
PROPRIO,1,2,62344.5780,27097,67.0218
PROPRIO,1,3,63330.5340,26941,65.9447
PROPRIO,1,4,63176.6210,26662,66.3866
PROPRIO,1,5,61836.8090,26656,65.2125
PROPRIO,1,6,63066.3840,26883,65.1770
PROPRIO,1,7,62350.7380,26701,66.4512
PROPRIO,1,8,60802.4440,25823,65.1867
PROPRIO,1,9,63006.2730,27767,66.3975
PROPRIO,1,10,62251.0860,25632,65.4107
PROPRIO,1,11,62801.7550,26365,65.7436
PROPRIO,1,12,63608.4050,26819,65.7570
PROPRIO,1,13,62093.8330,26040,66.2130
PROPRIO,1,14,62791.8770,26466,63.6296
PROPRIO,1,15,64032.6150,26830,67.3032
PROPRIO,1,16,63590.3480,26902,66.6469
PROPRIO,1,17,62924.2730,27217,65.5298
PROPRIO,1,18,61667.2340,26072,66.4252
PROPRIO,1,19,63848.2630,27269,62.3860
PROPRIO,1,20,62660.8480,26768,64.0586
PROPRIO,1,21,63305.2770,26760,64.6374
PROPRIO,1,22,63843.9900,27230,65.0620
PROPRIO,1,23,61770.0020,26157,65.6399
PROPRIO,1,24,61599.9430,26449,66.5529
PROPRIO,1,25,63624.8490,27044,64.3273
PROPRIO,1,26,63353.4170,27194,62.4558
PROPRIO,1,27,61401.1830,26155,64.1459
PROPRIO,1,28,62714.9010,26840,66.4254
PROPRIO,1,29,61829.2390,25946,67.1004
PROPRIO,1,30,61208.1890,26565,66.9294
PROPRIO,1,31,62470.0910,27148,65.2027
PROPRIO,1,32,64249.7910,27369,62.6392
PROPRIO,1,33,61514.1510,26252,64.8101
PROPRIO,1,34,65181.2660,27895,66.4449
PROPRIO,1,35,63119.6590,26999,61.4140
PROPRIO,1,36,62647.6660,26942,65.8164
PROPRIO,1,37,64921.1030,27749,64.6147
PROPRIO,1,38,61958.6380,26349,62.9680
PROPRIO,1,39,62923.4400,26573,65.5660
PROPRIO,1,40,63601.6580,26846,66.7617
PROPRIO,1,41,64260.3230,27365,65.5701
PROPRIO,1,42,64097.1590,27176,64.9153
PROPRIO,1,43,62475.1760,26193,64.7139
PROPRIO,1,44,64135.8590,27127,63.5190
PROPRIO,1,45,63371.1860,26913,64.1942
PROPRIO,1,46,60426.7560,25326,66.9366
PROPRIO,1,47,61311.8230,26484,63.8060
PROPRIO,1,48,61786.6830,26403,66.1792
PROPRIO,1,49,61813.8410,26307,65.5507
PROPRIO,1,50,61802.0570,27239,64.0138
PROPRIO,1,51,62167.3090,26936,62.6848
PROPRIO,1,52,62239.9480,26768,63.4175
PROPRIO,1,53,61368.0080,25966,65.7483
PROPRIO,1,54,61678.5880,26269,62.4383
PROPRIO,1,55,62616.9180,26471,63.9812
PROPRIO,1,56,62434.6660,25975,65.5864
PROPRIO,1,57,61230.7930,26335,64.6238
PROPRIO,1,58,61834.2510,26416,65.1278
PROPRIO,1,59,64353.3230,27797,66.4012
PROPRIO,1,60,62685.7050,26547,64.4376
PROPRIO,1,61,64564.7800,27076,65.8550
PROPRIO,1,62,61111.6610,25790,65.2035
PROPRIO,1,63,61141.6680,25607,65.1249
PROPRIO,1,64,62682.0000,26646,62.5068
PROPRIO,1,65,63014.5530,26875,64.8584
PROPRIO,1,66,63801.6340,27408,64.8212
PROPRIO,1,67,62883.5560,27041,64.9959
PROPRIO,1,68,62415.6100,26452,65.3389
PROPRIO,1,69,64141.6190,26662,65.1215
PROPRIO,1,70,63339.7330,27223,67.5683
PROPRIO,1,71,63512.6150,26661,67.0416
PROPRIO,1,72,61193.9320,25919,65.8431
PROPRIO,1,73,62160.1360,26698,67.8251
PROPRIO,1,74,62695.1400,26558,63.5941
PROPRIO,1,75,63563.9000,27190,66.0723
PROPRIO,1,76,64554.6070,27367,64.9256
PROPRIO,1,77,63668.9260,26969,66.7632
PROPRIO,1,78,62302.9800,27064,65.8245
PROPRIO,1,79,62795.8010,27189,66.1352
PROPRIO,1,80,60092.4970,25228,66.0488
PROPRIO,1,81,62610.9520,26643,65.6595
PROPRIO,1,82,62520.0320,26986,67.0159
PROPRIO,1,83,63431.5720,26621,66.4172
PROPRIO,1,84,61198.3380,26096,63.8842
PROPRIO,1,85,61556.1310,26536,63.5841
PROPRIO,1,86,60034.3060,25089,62.6756
PROPRIO,1,87,61266.3480,26051,65.0183
PROPRIO,1,88,62665.2210,26911,63.1893
PROPRIO,1,89,61695.3550,26150,65.2999
PROPRIO,1,90,63996.7420,26924,65.6343
PROPRIO,1,91,63826.6560,27348,65.5596
PROPRIO,1,92,62435.9600,26209,62.9459
PROPRIO,1,93,64580.9150,26846,65.1088
PROPRIO,1,94,61356.0780,25931,64.3641
PROPRIO,1,95,60531.3330,25710,66.0895
PROPRIO,1,96,63893.9310,27098,62.5380
PROPRIO,1,97,62542.6530,26577,65.3989
PROPRIO,1,98,61492.8800,26385,66.5969
PROPRIO,1,99,64993.8240,27789,65.7967
PROPRIO,1,100,62026.2760,26347,65.6572
FCFS,2,1,10321.5230,3200,85.4955
FCFS,2,2,10428.9870,3217,86.4434
FCFS,2,3,10449.6660,3231,86.2959
FCFS,2,4,10351.3470,3218,86.3078
FCFS,2,5,10415.9160,3229,85.8668
FCFS,2,6,10316.8970,3211,86.5138
FCFS,2,7,10526.9290,3222,86.8496
FCFS,2,8,9979.2100,3161,86.0201
FCFS,2,9,10069.0110,3160,85.6509
FCFS,2,10,10307.0590,3210,85.3578
FCFS,2,11,10286.9940,3188,85.7409
FCFS,2,12,10507.4310,3226,85.9165
FCFS,2,13,10310.2970,3198,86.0964
FCFS,2,14,10316.6420,3192,85.8244
FCFS,2,15,10383.5190,3223,86.5800
FCFS,2,16,10202.1990,3177,85.7471
FCFS,2,17,10192.8770,3197,86.3418
FCFS,2,18,10123.5080,3191,85.8130
FCFS,2,19,10285.1530,3219,86.4033
FCFS,2,20,10104.3120,3189,84.5922
FCFS,2,21,10269.4490,3174,85.8821
FCFS,2,22,10535.6550,3216,86.2471
FCFS,2,23,10416.5170,3219,84.6964
FCFS,2,24,9988.3260,3159,85.7884
FCFS,2,25,10236.8200,3195,85.6191
FCFS,2,26,10370.3770,3217,85.7185
FCFS,2,27,10458.7910,3231,86.0536
FCFS,2,28,10229.9840,3223,85.6055
FCFS,2,29,10508.6020,3216,86.5195
FCFS,2,30,10459.2960,3221,86.9416
FCFS,2,31,10377.6180,3224,86.3625
FCFS,2,32,10359.3130,3196,85.3937
FCFS,2,33,10172.8840,3181,85.6924
FCFS,2,34,10705.0650,3232,86.7435
FCFS,2,35,10401.9810,3217,86.2509
FCFS,2,36,10336.7810,3214,86.2782
FCFS,2,37,10352.7130,3233,86.0359
FCFS,2,38,10334.4670,3185,85.5950
FCFS,2,39,10545.3120,3222,85.9062
FCFS,2,40,10475.3170,3223,85.8798
FCFS,2,41,10405.0650,3188,84.6065
FCFS,2,42,10384.7970,3229,86.6384
FCFS,2,43,10662.6880,3248,86.7181
FCFS,2,44,10350.7590,3208,85.4642
FCFS,2,45,10316.4460,3187,85.8275
FCFS,2,46,10261.4390,3220,85.7966
FCFS,2,47,10216.5730,3188,86.1450
FCFS,2,48,10243.2860,3185,87.1048
FCFS,2,49,10358.4570,3205,85.9886
FCFS,2,50,9956.6440,3142,86.1268
FCFS,2,51,10343.7820,3209,85.3057
FCFS,2,52,10314.8030,3212,86.1437
FCFS,2,53,10170.3680,3187,86.7275
FCFS,2,54,10292.0630,3201,85.2424
FCFS,2,55,10265.0020,3207,85.4310
FCFS,2,56,10243.9720,3195,85.7404
FCFS,2,57,10211.0380,3191,85.4705
FCFS,2,58,10414.3590,3206,86.4072
FCFS,2,59,10395.1660,3209,85.6922
FCFS,2,60,10481.6740,3218,85.7676
FCFS,2,61,10433.2340,3222,86.7028
FCFS,2,62,10320.2790,3203,85.1182
FCFS,2,63,10290.5980,3182,86.4539
FCFS,2,64,10346.1340,3215,85.6510
FCFS,2,65,10260.5790,3192,85.8726
FCFS,2,66,10225.7770,3201,85.1574
FCFS,2,67,10209.7930,3186,86.5779
FCFS,2,68,10343.2330,3201,85.9216
FCFS,2,69,10305.1320,3204,85.2001
FCFS,2,70,10460.7830,3217,86.7876
FCFS,2,71,10673.1410,3247,86.0802
FCFS,2,72,10327.2260,3189,85.4993
FCFS,2,73,10133.0590,3195,86.1458
FCFS,2,74,10233.1530,3166,85.0692
FCFS,2,75,10170.2950,3207,87.3926
FCFS,2,76,10285.0980,3187,85.6563
FCFS,2,77,10168.7490,3183,85.1967
FCFS,2,78,10324.5430,3185,86.5328
FCFS,2,79,10314.0670,3194,86.3596
FCFS,2,80,10296.5600,3197,85.5987
FCFS,2,81,10409.0520,3225,85.8472
FCFS,2,82,10264.4110,3201,87.5632
FCFS,2,83,10351.3910,3192,85.9666
FCFS,2,84,10262.2580,3180,85.8979
FCFS,2,85,10189.9330,3164,85.5221
FCFS,2,86,10117.0020,3197,85.4597
FCFS,2,87,10255.6760,3181,84.7110
FCFS,2,88,10201.8580,3198,85.4372
FCFS,2,89,10155.4300,3151,86.5482
FCFS,2,90,10216.8340,3157,85.6981
FCFS,2,91,10476.3250,3217,86.0721
FCFS,2,92,10016.4030,3161,84.1188
FCFS,2,93,10499.9710,3211,86.7258
FCFS,2,94,10107.4850,3170,87.0092
FCFS,2,95,10293.2610,3176,86.5852
FCFS,2,96,10445.1140,3193,86.5409
FCFS,2,97,10444.9830,3188,86.4431
FCFS,2,98,10489.1940,3213,86.6306
FCFS,2,99,10280.4530,3205,86.5991
FCFS,2,100,10191.0670,3199,86.5180
RR,2,1,10321.5230,3200,85.4955
RR,2,2,10428.9870,3217,86.4434
RR,2,3,10449.6660,3231,86.2959
RR,2,4,10351.3470,3218,86.3078
RR,2,5,10415.9160,3229,85.8668
RR,2,6,10316.8970,3211,86.5138
RR,2,7,10526.9290,3222,86.8496
RR,2,8,9979.2100,3161,86.0201
RR,2,9,10069.0110,3160,85.6509
RR,2,10,10307.0590,3210,85.3578
RR,2,11,10286.9940,3188,85.7409
RR,2,12,10507.4310,3226,85.9165
RR,2,13,10310.2970,3198,86.0964
RR,2,14,10316.6420,3192,85.8244
RR,2,15,10383.5190,3223,86.5800
RR,2,16,10202.1990,3177,85.7471
RR,2,17,10192.8770,3197,86.3418
RR,2,18,10123.5080,3191,85.8130
RR,2,19,10285.1530,3219,86.4033
RR,2,20,10104.3120,3189,84.5922
RR,2,21,10269.4490,3174,85.8821
RR,2,22,10535.6550,3216,86.2471
RR,2,23,10416.5170,3219,84.6964
RR,2,24,9988.3260,3159,85.7884
RR,2,25,10236.8200,3195,85.6191
RR,2,26,10370.3770,3217,85.7185
RR,2,27,10458.7910,3231,86.0536
RR,2,28,10229.9840,3223,85.6055
RR,2,29,10508.6020,3216,86.5195
RR,2,30,10459.2960,3221,86.9416
RR,2,31,10377.6180,3224,86.3625
RR,2,32,10359.3130,3196,85.3937
RR,2,33,10172.8840,3181,85.6924
RR,2,34,10705.0650,3232,86.7435
RR,2,35,10401.9810,3217,86.2509
RR,2,36,10336.7810,3214,86.2782
RR,2,37,10352.7130,3233,86.0359
RR,2,38,10334.4670,3185,85.5950
RR,2,39,10545.3120,3222,85.9062
RR,2,40,10475.3170,3223,85.8798
RR,2,41,10405.0650,3188,84.6065
RR,2,42,10384.7970,3229,86.6384
RR,2,43,10662.6880,3248,86.7181
RR,2,44,10350.7590,3208,85.4642
RR,2,45,10316.4460,3187,85.8275
RR,2,46,10261.4390,3220,85.7966
RR,2,47,10216.5730,3188,86.1450
RR,2,48,10243.2860,3185,87.1048
RR,2,49,10358.4570,3205,85.9886
RR,2,50,9956.6440,3142,86.1268
RR,2,51,10343.7820,3209,85.3057
RR,2,52,10314.8030,3212,86.1437
RR,2,53,10170.3680,3187,86.7275
RR,2,54,10292.0630,3201,85.2424
RR,2,55,10265.0020,3207,85.4310
RR,2,56,10243.9720,3195,85.7404
RR,2,57,10211.0380,3191,85.4705
RR,2,58,10414.3590,3206,86.4072
RR,2,59,10395.1660,3209,85.6922
RR,2,60,10481.6740,3218,85.7676
RR,2,61,10433.2340,3222,86.7028
RR,2,62,10320.2790,3203,85.1182
RR,2,63,10290.5980,3182,86.4539
RR,2,64,10346.1340,3215,85.6510
RR,2,65,10260.5790,3192,85.8726
RR,2,66,10225.7770,3201,85.1574
RR,2,67,10209.7930,3186,86.5779
RR,2,68,10343.2330,3201,85.9216
RR,2,69,10305.1320,3204,85.2001
RR,2,70,10460.7830,3217,86.7876
RR,2,71,10673.1410,3247,86.0802
RR,2,72,10327.2260,3189,85.4993
RR,2,73,10133.0590,3195,86.1458
RR,2,74,10233.1530,3166,85.0692
RR,2,75,10170.2950,3207,87.3926
RR,2,76,10285.0980,3187,85.6563
RR,2,77,10168.7490,3183,85.1967
RR,2,78,10324.5430,3185,86.5328
RR,2,79,10314.0670,3194,86.3596
RR,2,80,10296.5600,3197,85.5987
RR,2,81,10409.0520,3225,85.8472
RR,2,82,10264.4110,3201,87.5632
RR,2,83,10351.3910,3192,85.9666
RR,2,84,10262.2580,3180,85.8979
RR,2,85,10189.9330,3164,85.5221
RR,2,86,10117.0020,3197,85.4597
RR,2,87,10255.6760,3181,84.7110
RR,2,88,10201.8580,3198,85.4372
RR,2,89,10155.4300,3151,86.5482
RR,2,90,10216.8340,3157,85.6981
RR,2,91,10476.3250,3217,86.0721
RR,2,92,10016.4030,3161,84.1188
RR,2,93,10499.9710,3211,86.7258
RR,2,94,10107.4850,3170,87.0092
RR,2,95,10293.2610,3176,86.5852
RR,2,96,10445.1140,3193,86.5409
RR,2,97,10444.9830,3188,86.4431
RR,2,98,10489.1940,3213,86.6306
RR,2,99,10280.4530,3205,86.5991
RR,2,100,10191.0670,3199,86.5180
PRIORIDADE,2,1,7162.2800,3200,56.0922
PRIORIDADE,2,2,7258.4760,3217,56.6892
PRIORIDADE,2,3,7202.3050,3231,55.9120
PRIORIDADE,2,4,7263.2070,3218,54.2018
PRIORIDADE,2,5,7216.6750,3229,56.8319
PRIORIDADE,2,6,7185.4120,3211,56.1875
PRIORIDADE,2,7,7374.7500,3222,57.0844
PRIORIDADE,2,8,7025.2720,3161,55.1146
PRIORIDADE,2,9,7052.5110,3160,54.1444
PRIORIDADE,2,10,7174.4460,3210,54.3087
PRIORIDADE,2,11,7142.4240,3188,53.7034
PRIORIDADE,2,12,7249.9390,3226,57.6036
PRIORIDADE,2,13,7228.8410,3198,54.3954
PRIORIDADE,2,14,7117.8100,3192,56.2330
PRIORIDADE,2,15,7136.9910,3223,56.0532
PRIORIDADE,2,16,7038.0660,3177,54.8029
PRIORIDADE,2,17,7095.4650,3197,55.5548
PRIORIDADE,2,18,7050.4350,3191,55.6297
PRIORIDADE,2,19,7082.9430,3219,55.1547
PRIORIDADE,2,20,7046.9110,3189,54.1425
PRIORIDADE,2,21,7062.1380,3174,57.5815
PRIORIDADE,2,22,7299.6510,3216,55.7071
PRIORIDADE,2,23,7210.8330,3219,55.9384
PRIORIDADE,2,24,7060.0440,3159,58.1406
PRIORIDADE,2,25,7051.0890,3195,55.6020
PRIORIDADE,2,26,7165.7360,3217,55.1638
PRIORIDADE,2,27,7221.8180,3231,56.6110
PRIORIDADE,2,28,7132.8300,3223,56.8790
PRIORIDADE,2,29,7305.1940,3216,56.3783
PRIORIDADE,2,30,7222.1470,3221,56.5796
PRIORIDADE,2,31,7212.4620,3224,54.3839
PRIORIDADE,2,32,7180.5180,3196,56.5841
PRIORIDADE,2,33,6973.1790,3181,55.8650
PRIORIDADE,2,34,7336.3770,3232,58.5539
PRIORIDADE,2,35,7183.6990,3217,55.1603
PRIORIDADE,2,36,7192.5650,3214,56.5523
PRIORIDADE,2,37,7168.3320,3233,56.0884
PRIORIDADE,2,38,7181.9900,3185,56.4282
PRIORIDADE,2,39,7240.1960,3222,57.7341
PRIORIDADE,2,40,7256.5540,3223,54.5274
PRIORIDADE,2,41,7215.5870,3188,56.0694
PRIORIDADE,2,42,7236.2990,3229,54.4648
PRIORIDADE,2,43,7360.9120,3248,57.2626
PRIORIDADE,2,44,7125.4260,3208,55.5367
PRIORIDADE,2,45,7163.3180,3187,54.9531
PRIORIDADE,2,46,7147.6490,3220,56.4169
PRIORIDADE,2,47,7150.9720,3188,55.1325
PRIORIDADE,2,48,7113.8040,3185,57.8940
PRIORIDADE,2,49,7284.2500,3205,58.0785
PRIORIDADE,2,50,6956.9630,3142,57.7078
PRIORIDADE,2,51,7167.6720,3209,56.7945
PRIORIDADE,2,52,7198.5300,3212,55.9491
PRIORIDADE,2,53,7081.6770,3187,57.3449
PRIORIDADE,2,54,7012.5190,3201,57.7341
PRIORIDADE,2,55,7115.2750,3207,57.4365
PRIORIDADE,2,56,7086.5850,3195,55.8080
PRIORIDADE,2,57,7063.0630,3191,54.9107
PRIORIDADE,2,58,7271.7780,3206,56.2115
PRIORIDADE,2,59,7248.1790,3209,52.8343
PRIORIDADE,2,60,7269.1200,3218,55.0588
PRIORIDADE,2,61,7128.1350,3222,56.9788
PRIORIDADE,2,62,7190.4710,3203,53.9869
PRIORIDADE,2,63,7119.6730,3182,56.2904
PRIORIDADE,2,64,7071.5330,3215,55.2039
PRIORIDADE,2,65,7104.0500,3192,56.7302
PRIORIDADE,2,66,7076.5450,3201,54.5104
PRIORIDADE,2,67,6995.7090,3186,55.7051
PRIORIDADE,2,68,7254.3890,3201,55.0573
PRIORIDADE,2,69,7064.8230,3204,56.0196
PRIORIDADE,2,70,7203.1170,3217,57.2124
PRIORIDADE,2,71,7341.4870,3247,53.8854
PRIORIDADE,2,72,7190.4780,3189,54.2431
PRIORIDADE,2,73,7089.7030,3195,56.5051
PRIORIDADE,2,74,7161.3310,3166,54.6316
PRIORIDADE,2,75,6997.1510,3207,58.2405
PRIORIDADE,2,76,7150.1990,3187,56.0213
PRIORIDADE,2,77,7068.6460,3183,55.6645
PRIORIDADE,2,78,7123.3260,3185,57.2782
PRIORIDADE,2,79,7087.1240,3194,54.7481
PRIORIDADE,2,80,7191.9850,3197,54.6176
PRIORIDADE,2,81,7147.2010,3225,56.9097
PRIORIDADE,2,82,7106.8920,3201,56.9426
PRIORIDADE,2,83,7072.4760,3192,56.6864
PRIORIDADE,2,84,7138.7350,3180,56.3173
PRIORIDADE,2,85,7108.9510,3164,58.0959
PRIORIDADE,2,86,7083.0920,3197,54.1290
PRIORIDADE,2,87,7121.7260,3181,56.9137
PRIORIDADE,2,88,7118.7440,3198,55.0007
PRIORIDADE,2,89,7111.5160,3151,55.4430
PRIORIDADE,2,90,7082.2580,3157,55.7530
PRIORIDADE,2,91,7189.4970,3217,56.2616
PRIORIDADE,2,92,6940.9000,3161,55.4372
PRIORIDADE,2,93,7200.4750,3211,55.2069
PRIORIDADE,2,94,7054.2330,3170,56.8511
PRIORIDADE,2,95,7092.0860,3176,56.0265
PRIORIDADE,2,96,7235.5780,3193,58.2563
PRIORIDADE,2,97,7185.0720,3188,55.4578
PRIORIDADE,2,98,7239.6500,3213,56.1339
PRIORIDADE,2,99,7236.9070,3205,57.0784
PRIORIDADE,2,100,7080.5520,3199,58.0002
PROPRIO,2,1,11839.8020,6400,58.4066
PROPRIO,2,2,11752.4280,6300,60.4694
PROPRIO,2,3,11918.4720,6340,60.0513
PROPRIO,2,4,11627.6700,6192,61.4751
PROPRIO,2,5,11385.2790,6155,59.4844
PROPRIO,2,6,11719.9150,6259,60.8798
PROPRIO,2,7,11582.8670,6236,61.2485
PROPRIO,2,8,10924.6410,5924,61.3236
PROPRIO,2,9,11556.0740,6356,60.6284
PROPRIO,2,10,11566.4590,6043,59.6586
PROPRIO,2,11,11385.4670,6095,59.3225
PROPRIO,2,12,11914.8680,6304,59.3900
PROPRIO,2,13,11397.8640,6082,61.0609
PROPRIO,2,14,11519.7730,6156,59.7342
PROPRIO,2,15,11946.2930,6301,62.1375
PROPRIO,2,16,11608.0750,6166,60.1654
PROPRIO,2,17,11421.8940,6192,60.8732
PROPRIO,2,18,11308.3140,6027,61.5611
PROPRIO,2,19,11538.1200,6261,60.4029
PROPRIO,2,20,11533.8390,6201,58.1630
PROPRIO,2,21,11683.6950,6220,59.6880
PROPRIO,2,22,11942.6570,6391,60.1395
PROPRIO,2,23,11630.6620,6179,57.5730
PROPRIO,2,24,11207.5620,6086,62.2112
PROPRIO,2,25,11824.7910,6313,60.1788
PROPRIO,2,26,11803.5740,6287,58.2440
PROPRIO,2,27,11247.6090,6107,60.4134
PROPRIO,2,28,11454.2640,6230,58.5384
PROPRIO,2,29,11608.5820,6124,61.3665
PROPRIO,2,30,11539.4120,6225,62.4177
PROPRIO,2,31,11741.1080,6398,62.8521
PROPRIO,2,32,11899.9470,6396,59.6915
PROPRIO,2,33,11420.0970,6113,59.6463
PROPRIO,2,34,12319.2830,6478,61.4341
PROPRIO,2,35,11691.1720,6243,59.7855
PROPRIO,2,36,11650.4980,6284,61.4297
PROPRIO,2,37,11672.1640,6242,59.6072
PROPRIO,2,38,11624.4310,6223,59.3598
PROPRIO,2,39,11779.6830,6261,59.8749
PROPRIO,2,40,12008.8210,6449,60.8327
PROPRIO,2,41,11976.9200,6382,57.4460
PROPRIO,2,42,11600.7650,6179,61.4916
PROPRIO,2,43,11667.9330,6155,60.6033
PROPRIO,2,44,12031.8050,6383,58.3021
PROPRIO,2,45,11946.4040,6333,61.0911
PROPRIO,2,46,11217.6160,5960,60.6901
PROPRIO,2,47,11228.9700,6095,59.7129
PROPRIO,2,48,11528.5680,6174,62.3154
PROPRIO,2,49,11488.9570,6123,61.1532
PROPRIO,2,50,11473.9730,6274,61.0303
PROPRIO,2,51,11467.0400,6211,57.6414
PROPRIO,2,52,11582.0050,6244,60.6764
PROPRIO,2,53,11313.8510,6019,60.7240
PROPRIO,2,54,11633.8430,6193,59.0578
PROPRIO,2,55,11436.8100,6134,58.6445
PROPRIO,2,56,11626.5940,6125,60.8191
PROPRIO,2,57,11459.8890,6221,59.0598
PROPRIO,2,58,11557.5830,6244,60.9819
PROPRIO,2,59,11859.3210,6406,60.4213
PROPRIO,2,60,11614.2030,6196,59.9535
PROPRIO,2,61,11919.5490,6268,61.7284
PROPRIO,2,62,11375.8960,6063,57.7813
PROPRIO,2,63,11414.1630,6035,62.1034
PROPRIO,2,64,11608.8720,6195,58.4328
PROPRIO,2,65,11591.1670,6187,60.4715
PROPRIO,2,66,11819.9500,6331,60.1223
PROPRIO,2,67,11667.8670,6241,61.0665
PROPRIO,2,68,11745.8670,6242,59.6224
PROPRIO,2,69,11575.5990,6157,58.9110
PROPRIO,2,70,11782.5530,6289,60.4020
PROPRIO,2,71,11886.3420,6222,59.2694
PROPRIO,2,72,11458.9970,6048,59.6470
PROPRIO,2,73,11538.5750,6219,61.6075
PROPRIO,2,74,11725.8630,6151,59.3458
PROPRIO,2,75,11828.4420,6320,61.9637
PROPRIO,2,76,11761.0840,6242,59.7029
PROPRIO,2,77,11553.4990,6193,60.1220
PROPRIO,2,78,11657.0630,6346,61.6413
PROPRIO,2,79,11804.9990,6372,61.6683
PROPRIO,2,80,11342.9860,6005,60.2397
PROPRIO,2,81,11528.8010,6217,59.4370
PROPRIO,2,82,11627.9460,6273,63.8078
PROPRIO,2,83,11781.5100,6199,61.4389
PROPRIO,2,84,11423.2870,6158,60.4490
PROPRIO,2,85,11401.8730,6093,59.1995
PROPRIO,2,86,11217.7960,5988,59.2004
PROPRIO,2,87,11331.6670,6076,57.4650
PROPRIO,2,88,11510.0520,6227,58.2233
PROPRIO,2,89,11306.2750,6038,61.6256
PROPRIO,2,90,11990.6970,6289,60.9003
PROPRIO,2,91,11987.3390,6359,61.2161
PROPRIO,2,92,11353.5940,6100,56.6805
PROPRIO,2,93,11996.8490,6249,61.9045
PROPRIO,2,94,11375.3100,6041,62.6998
PROPRIO,2,95,11563.6140,6133,62.1164
PROPRIO,2,96,11801.5560,6270,59.6072
PROPRIO,2,97,11757.4330,6304,60.9116
PROPRIO,2,98,11632.3950,6242,61.3776
PROPRIO,2,99,11871.9810,6309,60.9791
PROPRIO,2,100,11454.4500,6131,60.1362
FCFS,3,1,137662.6240,3200,95.6233
FCFS,3,2,137914.7850,3217,95.7510
FCFS,3,3,139568.1170,3231,95.9919
FCFS,3,4,138720.4000,3218,95.8351
FCFS,3,5,139547.1110,3229,95.6758
FCFS,3,6,137689.1790,3211,95.8850
FCFS,3,7,138286.2220,3222,95.9544
FCFS,3,8,134192.8170,3161,95.3194
FCFS,3,9,133813.7070,3160,95.8105
FCFS,3,10,136566.4880,3210,95.8143
FCFS,3,11,137383.8830,3188,95.7888
FCFS,3,12,139264.1890,3226,95.6381
FCFS,3,13,136394.6590,3198,95.9470
FCFS,3,14,137621.7870,3192,95.6282
FCFS,3,15,138184.8730,3223,96.1329
FCFS,3,16,135537.1500,3177,95.7657
FCFS,3,17,137404.2180,3197,95.8078
FCFS,3,18,135071.3290,3191,95.6087
FCFS,3,19,137976.4000,3219,95.8031
FCFS,3,20,134654.4800,3189,95.7915
FCFS,3,21,136504.1950,3174,95.3164
FCFS,3,22,136171.1860,3216,95.5826
FCFS,3,23,137653.8190,3219,95.6551
FCFS,3,24,134625.3250,3159,95.6006
FCFS,3,25,136474.0960,3195,95.7264
FCFS,3,26,138575.2120,3217,95.5943
FCFS,3,27,138869.1900,3231,95.8186
FCFS,3,28,137733.1510,3223,96.0350
FCFS,3,29,138394.6050,3216,96.2279
FCFS,3,30,138513.8670,3221,96.0615
FCFS,3,31,137627.0540,3224,95.8758
FCFS,3,32,135978.5120,3196,95.9294
FCFS,3,33,137178.9860,3181,95.7013
FCFS,3,34,137806.4330,3232,95.4482
FCFS,3,35,135931.9190,3217,95.5380
FCFS,3,36,136959.0690,3214,95.8051
FCFS,3,37,138139.2500,3233,95.9206
FCFS,3,38,137476.4960,3185,95.8973
FCFS,3,39,138304.1570,3222,95.9591
FCFS,3,40,139355.9230,3223,95.9570
FCFS,3,41,136950.2810,3188,95.6915
FCFS,3,42,138454.9370,3229,96.0597
FCFS,3,43,140088.9880,3248,95.9192
FCFS,3,44,137151.5360,3208,95.2650
FCFS,3,45,136823.5830,3187,95.6687
FCFS,3,46,137465.4610,3220,95.6637
FCFS,3,47,135544.9040,3188,95.8074
FCFS,3,48,136066.4460,3185,95.7780
FCFS,3,49,136559.4870,3205,95.8928
FCFS,3,50,132578.2340,3142,95.6286
FCFS,3,51,138503.3850,3209,95.9582
FCFS,3,52,138924.6320,3212,95.6994
FCFS,3,53,135972.2930,3187,95.8789
FCFS,3,54,136822.3750,3201,95.3781
FCFS,3,55,136927.9010,3207,95.7760
FCFS,3,56,137083.8700,3195,95.5062
FCFS,3,57,137836.5890,3191,95.5410
FCFS,3,58,137032.0460,3206,95.6196
FCFS,3,59,138323.7520,3209,95.6903
FCFS,3,60,138222.8170,3218,95.6720
FCFS,3,61,137938.0340,3222,95.9260
FCFS,3,62,136554.7180,3203,95.6032
FCFS,3,63,137003.9170,3182,95.4823
FCFS,3,64,138709.9120,3215,96.0285
FCFS,3,65,136120.0320,3192,95.4470
FCFS,3,66,135526.9820,3201,95.9947
FCFS,3,67,135232.8660,3186,95.6401
FCFS,3,68,137973.9780,3201,96.0656
FCFS,3,69,138119.9380,3204,95.9642
FCFS,3,70,137515.5560,3217,95.9993
FCFS,3,71,141647.7140,3247,96.3444
FCFS,3,72,136471.8280,3189,95.5542
FCFS,3,73,137148.9770,3195,95.8711
FCFS,3,74,134847.6180,3166,95.4339
FCFS,3,75,135934.8740,3207,95.6037
FCFS,3,76,138147.6190,3187,96.0840
FCFS,3,77,136615.8810,3183,95.7475
FCFS,3,78,135701.0180,3185,95.7350
FCFS,3,79,137004.3300,3194,95.7821
FCFS,3,80,137201.2750,3197,95.9791
FCFS,3,81,138656.5630,3225,96.0280
FCFS,3,82,136203.1550,3201,95.8856
FCFS,3,83,137642.3500,3192,96.0325
FCFS,3,84,136924.0210,3180,95.5644
FCFS,3,85,135075.4870,3164,95.5878
FCFS,3,86,135324.2520,3197,95.9247
FCFS,3,87,136559.4890,3181,95.5362
FCFS,3,88,137373.7760,3198,95.4914
FCFS,3,89,133730.1880,3151,95.3874
FCFS,3,90,134645.4620,3157,95.7694
FCFS,3,91,136914.7700,3217,96.1242
FCFS,3,92,136128.2210,3161,95.5369
FCFS,3,93,138064.8700,3211,95.9361
FCFS,3,94,134787.5670,3170,95.7860
FCFS,3,95,137671.6150,3176,95.9548
FCFS,3,96,139129.9060,3193,95.9745
FCFS,3,97,135868.8390,3188,95.8922
FCFS,3,98,137315.6260,3213,95.7665
FCFS,3,99,137294.2670,3205,95.8910
FCFS,3,100,137803.3730,3199,95.8747
RR,3,1,195042.1110,20968,98.7224
RR,3,2,195854.5600,21015,98.7895
RR,3,3,197540.1000,21071,98.7992
RR,3,4,196528.4840,21043,98.7040
RR,3,5,197438.0570,21083,98.8361
RR,3,6,195378.3710,20791,98.8485
RR,3,7,195774.0360,20928,98.8054
RR,3,9,190739.5790,20482,98.7679
RR,3,10,193544.7940,20858,98.7537
RR,3,11,194685.2960,20771,98.7542
RR,3,12,196854.1400,21084,98.7568
RR,3,13,193140.4360,20698,98.7187
RR,3,14,194125.8370,20733,98.7048
RR,3,15,195308.7590,20957,98.7791
RR,3,16,192420.2710,20708,98.6598
RR,3,17,193801.1150,20868,98.7420
RR,3,18,191630.6370,20624,98.7177
RR,3,19,195353.6660,20959,98.8123
RR,3,20,189717.6540,20533,98.6621
RR,3,21,193210.8790,20714,98.6998
RR,3,22,192729.6820,20688,98.7226
RR,3,23,194597.3300,20923,98.7327
RR,3,24,191550.5920,20624,98.7262
RR,3,25,192626.7700,20709,98.6245
RR,3,26,195652.7880,20949,98.7267
RR,3,27,197055.4100,20975,98.8387
RR,3,28,195596.4350,20952,98.7976
RR,3,29,196636.7610,20984,98.8369
RR,3,30,195667.8950,20956,98.8107
RR,3,31,194384.7660,20811,98.7770
RR,3,32,192438.2620,20775,98.6947
RR,3,33,194680.6550,20720,98.7819
RR,3,34,193178.6170,20754,98.7742
RR,3,35,191426.6660,20612,98.7326
RR,3,36,194983.2080,20831,98.8249
RR,3,37,195243.7120,20895,98.8438
RR,3,38,194545.3960,20765,98.7738
RR,3,39,194959.3650,20887,98.7289
RR,3,40,197481.2180,21072,98.8429
RR,3,41,193936.6360,20752,98.7239
RR,3,42,195504.2980,20922,98.7702
RR,3,43,197870.6690,21150,98.7917
RR,3,44,193897.9440,20888,98.7092
RR,3,45,193173.4560,20683,98.7608
RR,3,46,195563.6370,20858,98.8370
RR,3,47,192082.5260,20538,98.7563
RR,3,48,192787.9550,20692,98.7033
RR,3,49,192363.5850,20691,98.7425
RR,3,50,188287.7660,20319,98.6929
RR,3,51,195877.9010,20870,98.7906
RR,3,52,195938.2930,21049,98.7042
RR,3,53,193159.0320,20677,98.8244
RR,3,54,193148.1460,20854,98.7292
RR,3,55,194026.6880,20875,98.6995
RR,3,56,193867.7650,20720,98.7822
RR,3,57,195655.8030,20942,98.7266
RR,3,58,194498.3380,20741,98.8271
RR,3,59,196305.2620,20999,98.7950
RR,3,60,195140.0750,20845,98.7958
RR,3,61,194925.6040,20843,98.8640
RR,3,62,192801.1740,20751,98.7476
RR,3,63,193241.4410,20688,98.7696
RR,3,64,195018.9010,20906,98.7233
RR,3,65,193164.0710,20722,98.7803
RR,3,66,192429.7050,20700,98.7447
RR,3,67,191986.0790,20655,98.7339
RR,3,68,195926.7750,20911,98.8009
RR,3,69,195031.5400,20904,98.7605
RR,3,70,195339.5710,20774,98.7699
RR,3,71,199333.4830,21201,98.8048
RR,3,72,193673.5270,20769,98.7297
RR,3,73,193688.5420,20775,98.7361
RR,3,74,191196.0040,20578,98.7024
RR,3,75,193002.4390,20671,98.7779
RR,3,76,195839.6320,20946,98.8021
RR,3,77,193003.4400,20808,98.6889
RR,3,78,192927.3210,20634,98.7631
RR,3,79,194066.7650,20747,98.7563
RR,3,80,193884.8570,20832,98.7261
RR,3,81,195504.6370,20917,98.7709
RR,3,82,194026.7020,20781,98.7880
RR,3,83,194207.5230,20783,98.7341
RR,3,84,194136.1440,20813,98.7194
RR,3,85,191425.3100,20587,98.6825
RR,3,86,192717.9440,20656,98.7865
RR,3,87,193682.2680,20778,98.6980
RR,3,88,193428.8560,20925,98.6559
RR,3,89,189642.3970,20498,98.6709
RR,3,90,191038.8860,20510,98.7490
RR,3,91,193813.1770,20742,98.7516
RR,3,92,192523.5250,20707,98.5976
RR,3,93,194365.0780,20858,98.7342
RR,3,94,191399.8510,20598,98.6715
RR,3,95,195314.8080,20815,98.7109
RR,3,96,196411.0160,20930,98.8176
RR,3,97,191972.0490,20577,98.7588
RR,3,98,194454.0540,20713,98.7776
RR,3,99,194009.3840,20796,98.7304
RR,3,100,195287.9850,20890,98.7317
PRIORIDADE,3,1,94586.0350,3200,69.1251
PRIORIDADE,3,2,95298.8790,3217,69.6602
PRIORIDADE,3,3,95247.2170,3231,70.3029
PRIORIDADE,3,4,96132.4600,3218,69.2883
PRIORIDADE,3,5,95212.9030,3229,70.4737
PRIORIDADE,3,6,93936.3790,3211,69.1617
PRIORIDADE,3,7,95458.8130,3222,69.0654
PRIORIDADE,3,8,92483.3940,3161,68.2545
PRIORIDADE,3,9,92492.7830,3160,69.0946
PRIORIDADE,3,10,94335.6650,3210,68.8355
PRIORIDADE,3,11,94180.4670,3188,68.5704
PRIORIDADE,3,12,95326.1920,3226,68.3771
PRIORIDADE,3,13,94026.6990,3198,68.3484
PRIORIDADE,3,14,94811.3450,3192,69.2687
PRIORIDADE,3,15,94661.8220,3223,69.5118
PRIORIDADE,3,16,93657.8130,3177,69.5164
PRIORIDADE,3,17,93740.0270,3197,69.9456
PRIORIDADE,3,18,93336.0400,3191,68.0415
PRIORIDADE,3,19,94767.7010,3219,68.6114
PRIORIDADE,3,20,92597.8790,3189,68.9774
PRIORIDADE,3,21,93208.3190,3174,69.4564
PRIORIDADE,3,22,93895.6320,3216,70.1059
PRIORIDADE,3,23,94669.6560,3219,69.1381
PRIORIDADE,3,24,93236.1120,3159,70.5213
PRIORIDADE,3,25,93742.5340,3195,69.1673
PRIORIDADE,3,26,94943.7020,3217,67.9620
PRIORIDADE,3,27,94373.5500,3231,70.9017
PRIORIDADE,3,28,94694.4080,3223,69.6037
PRIORIDADE,3,29,94581.7090,3216,70.7831
PRIORIDADE,3,30,94816.6660,3221,69.7664
PRIORIDADE,3,31,94421.2900,3224,69.2740
PRIORIDADE,3,32,94069.1830,3196,70.4735
PRIORIDADE,3,33,93146.8460,3181,70.8602
PRIORIDADE,3,34,93888.5760,3232,69.2238
PRIORIDADE,3,35,93129.1730,3217,68.3224
PRIORIDADE,3,36,95327.5820,3214,68.9611
PRIORIDADE,3,37,94593.1320,3233,70.4083
PRIORIDADE,3,38,94521.9380,3185,69.7804
PRIORIDADE,3,39,94816.0370,3222,69.4688
PRIORIDADE,3,40,95970.4870,3223,69.1314
PRIORIDADE,3,41,93943.6730,3188,69.7268
PRIORIDADE,3,42,95285.3750,3229,68.8590
PRIORIDADE,3,43,95890.2070,3248,69.7974
PRIORIDADE,3,44,94287.5450,3208,69.4168
PRIORIDADE,3,45,93345.4540,3187,68.8503
PRIORIDADE,3,46,95017.1690,3220,69.6454
PRIORIDADE,3,47,92784.4760,3188,69.2110
PRIORIDADE,3,48,93383.5880,3185,69.8373
PRIORIDADE,3,49,94498.6380,3205,70.1321
PRIORIDADE,3,50,91848.5890,3142,69.8444
PRIORIDADE,3,51,94901.2450,3209,70.0157
PRIORIDADE,3,52,95553.3310,3212,69.3466
PRIORIDADE,3,53,93300.3100,3187,69.3795
PRIORIDADE,3,54,93406.7240,3201,70.0057
PRIORIDADE,3,55,94030.1260,3207,70.6618
PRIORIDADE,3,56,93671.5170,3195,70.0161
PRIORIDADE,3,57,94148.2250,3191,70.1464
PRIORIDADE,3,58,94187.0060,3206,69.0106
PRIORIDADE,3,59,94640.0230,3209,68.8751
PRIORIDADE,3,60,94555.2670,3218,68.9860
PRIORIDADE,3,61,93891.5760,3222,69.6251
PRIORIDADE,3,62,94147.0250,3203,68.7092
PRIORIDADE,3,63,94065.3360,3182,69.3944
PRIORIDADE,3,64,94355.5330,3215,69.6891
PRIORIDADE,3,65,93963.1300,3192,69.6372
PRIORIDADE,3,66,92923.0730,3201,69.3434
PRIORIDADE,3,67,92148.5720,3186,69.7425
PRIORIDADE,3,68,95150.4690,3201,69.3301
PRIORIDADE,3,69,93713.1580,3204,70.3887
PRIORIDADE,3,70,93276.7730,3217,70.5222
PRIORIDADE,3,71,96654.1170,3247,69.6351
PRIORIDADE,3,72,93867.3660,3189,69.0128
PRIORIDADE,3,73,94215.8000,3195,68.4721
PRIORIDADE,3,74,92778.8980,3166,67.7300
PRIORIDADE,3,75,92982.3060,3207,70.2074
PRIORIDADE,3,76,94731.8430,3187,68.8146
PRIORIDADE,3,77,94575.8790,3183,68.3238
PRIORIDADE,3,78,92556.6580,3185,70.7343
PRIORIDADE,3,79,93114.4630,3194,70.6581
PRIORIDADE,3,80,94734.3940,3197,68.7368
PRIORIDADE,3,81,94232.5990,3225,69.5955
PRIORIDADE,3,82,93859.6060,3201,69.0840
PRIORIDADE,3,83,93730.9010,3192,69.8865
PRIORIDADE,3,84,94294.6180,3180,69.8259
PRIORIDADE,3,85,92581.6670,3164,69.3947
PRIORIDADE,3,86,93943.6670,3197,69.2098
PRIORIDADE,3,87,93548.2000,3181,69.7979
PRIORIDADE,3,88,94693.1700,3198,67.6052
PRIORIDADE,3,89,92734.4280,3151,68.6317
PRIORIDADE,3,90,92831.9470,3157,69.3635
PRIORIDADE,3,91,93744.5040,3217,69.9370
PRIORIDADE,3,92,93378.8740,3161,69.7348
PRIORIDADE,3,93,94268.5210,3211,69.6790
PRIORIDADE,3,94,93609.7360,3170,69.7350
PRIORIDADE,3,95,94311.9660,3176,70.3854
PRIORIDADE,3,96,94672.7550,3193,70.4766
PRIORIDADE,3,97,92787.9080,3188,69.1158
PRIORIDADE,3,98,93726.2590,3213,70.8797
PRIORIDADE,3,99,94725.6150,3205,69.1722
PRIORIDADE,3,100,94160.3280,3199,70.6220
PROPRIO,3,1,263555.1540,102855,71.6281
PROPRIO,3,2,258290.7020,100456,72.3603
PROPRIO,3,3,264653.9700,100596,73.6851
PROPRIO,3,4,260046.1920,98687,72.9083
PROPRIO,3,5,255673.7310,98930,72.0733
PROPRIO,3,6,259358.2160,99475,72.5936
PROPRIO,3,7,256462.8190,98495,73.4942
PROPRIO,3,8,245194.1570,94547,72.5168
PROPRIO,3,9,256126.4910,101922,72.8869
PROPRIO,3,10,248317.3100,93015,72.3541
PROPRIO,3,11,254190.7430,96865,72.3573
PROPRIO,3,12,261796.4510,99340,71.6221
PROPRIO,3,13,248742.9210,95530,73.0230
PROPRIO,3,14,257317.7340,98394,72.6425
PROPRIO,3,15,264695.7940,100065,73.4817
PROPRIO,3,16,256826.7740,98055,72.8585
PROPRIO,3,17,260909.6850,101744,72.4996
PROPRIO,3,18,250499.1040,95583,73.5984
PROPRIO,3,19,255596.5180,99158,72.2404
PROPRIO,3,20,255131.7350,98126,72.1992
PROPRIO,3,21,260278.4980,99275,71.8237
PROPRIO,3,22,256118.3950,99164,72.1179
PROPRIO,3,23,253237.3400,96337,72.5587
PROPRIO,3,24,252064.5390,97776,73.8429
PROPRIO,3,25,255189.0540,97873,72.5791
PROPRIO,3,26,262358.4490,101491,71.3254
PROPRIO,3,27,249125.8020,96186,72.9725
PROPRIO,3,28,254693.0880,99358,72.7337
PROPRIO,3,29,254956.3670,96198,73.6923
PROPRIO,3,30,252836.6610,97791,74.2376
PROPRIO,3,31,255790.9260,100521,73.5193
PROPRIO,3,32,256498.1420,99565,72.2109
PROPRIO,3,33,249593.9730,95868,71.6379
PROPRIO,3,34,262683.5470,101488,71.8122
PROPRIO,3,35,252354.8960,97097,71.9374
PROPRIO,3,36,254779.9040,98975,73.1980
PROPRIO,3,37,261289.4400,100341,73.2937
PROPRIO,3,38,256367.5770,98106,72.5982
PROPRIO,3,39,252887.5740,95878,72.9272
PROPRIO,3,40,262402.8610,100504,74.3034
PROPRIO,3,41,259696.8000,99707,71.9441
PROPRIO,3,42,261564.7240,99412,73.8745
PROPRIO,3,43,253016.6230,96082,73.5236
PROPRIO,3,44,263729.6130,100946,71.9538
PROPRIO,3,45,262089.7860,100292,73.4051
PROPRIO,3,46,245699.6590,93193,73.4466
PROPRIO,3,47,249443.9910,96329,72.5056
PROPRIO,3,48,254235.6000,97752,72.7487
PROPRIO,3,49,250637.5650,96468,72.3170
PROPRIO,3,50,252326.9880,99719,71.7912
PROPRIO,3,51,257457.6290,99510,71.6437
PROPRIO,3,52,257838.2440,99641,71.2595
PROPRIO,3,53,251717.3380,95968,71.9890
PROPRIO,3,54,255964.5310,98644,71.4758
PROPRIO,3,55,254110.5380,97684,71.4498
PROPRIO,3,56,255967.1400,96616,72.4452
PROPRIO,3,57,255984.3170,99046,71.1905
PROPRIO,3,58,254754.4900,97753,72.4516
PROPRIO,3,59,262570.5560,102512,73.2324
PROPRIO,3,60,255118.6480,97383,72.6747
PROPRIO,3,61,261440.7660,99132,73.4903
PROPRIO,3,62,250861.5770,95576,71.7897
PROPRIO,3,63,250733.3350,94656,72.3498
PROPRIO,3,64,255007.9140,97905,71.2023
PROPRIO,3,65,256483.6180,97877,72.5706
PROPRIO,3,66,259552.2120,100895,73.0953
PROPRIO,3,67,257915.7430,100519,71.6888
PROPRIO,3,68,259043.1040,98753,73.3241
PROPRIO,3,69,260947.3010,98702,72.9326
PROPRIO,3,70,258428.1280,100324,72.7902
PROPRIO,3,71,264778.7730,99363,72.8393
PROPRIO,3,72,247614.9450,95036,71.3949
PROPRIO,3,73,256410.5830,99037,73.2414
PROPRIO,3,74,254851.0790,97446,72.4983
PROPRIO,3,75,261349.4240,100419,71.8788
PROPRIO,3,76,266137.5890,101801,73.8456
PROPRIO,3,77,255174.6650,97252,72.4839
PROPRIO,3,78,253784.2390,99174,72.3794
PROPRIO,3,79,260539.9000,101899,73.0746
PROPRIO,3,80,246767.9700,93087,72.9580
PROPRIO,3,81,252315.9170,97186,72.6881
PROPRIO,3,82,258200.0870,99966,74.5591
PROPRIO,3,83,259649.6250,98202,73.3150
PROPRIO,3,84,253676.6170,97375,71.7944
PROPRIO,3,85,253121.0760,98639,72.6173
PROPRIO,3,86,248755.5460,94054,72.4853
PROPRIO,3,87,252528.6550,96407,71.9635
PROPRIO,3,88,254885.7990,99273,69.9788
PROPRIO,3,89,248335.8650,95096,72.2485
PROPRIO,3,90,259497.1730,98349,73.3576
PROPRIO,3,91,255983.2000,99064,73.9430
PROPRIO,3,92,256113.5860,97787,70.6876
PROPRIO,3,93,261174.9850,98501,72.8125
PROPRIO,3,94,251897.0280,96164,72.6763
PROPRIO,3,95,250938.5210,95680,72.7726
PROPRIO,3,96,261393.3290,100069,72.4315
PROPRIO,3,97,255054.1310,98491,72.8025
PROPRIO,3,98,253314.9200,96992,73.4884
PROPRIO,3,99,265152.0540,102194,72.5114
PROPRIO,3,100,259030.6880,98824,73.0795
FCFS,4,1,31997.9830,3211,93.2995
FCFS,4,2,32592.6480,3221,92.6369
FCFS,4,3,32741.5140,3224,92.7117
FCFS,4,4,31723.8550,3176,92.8510
FCFS,4,5,32438.7560,3196,92.3399
FCFS,4,6,32344.4260,3179,92.5214
FCFS,4,7,32315.2990,3216,92.5830
FCFS,4,8,31848.5030,3173,92.5246
FCFS,4,9,32509.6550,3190,92.8811
FCFS,4,10,32232.8090,3165,93.0014
FCFS,4,11,32608.6930,3217,92.7689
FCFS,4,12,32847.3730,3205,92.8977
FCFS,4,13,32136.2190,3203,92.7639
FCFS,4,14,31293.6330,3137,92.0903
FCFS,4,15,32297.7190,3200,92.8503
FCFS,4,16,32464.1670,3195,93.3744
FCFS,4,17,32207.3740,3198,93.2629
FCFS,4,18,31851.0200,3172,92.2077
FCFS,4,19,32246.7180,3198,91.7474
FCFS,4,20,32771.9510,3233,93.5161
FCFS,4,21,33168.5900,3222,93.1157
FCFS,4,22,33305.0060,3228,93.1948
FCFS,4,23,32388.0340,3220,91.9542
FCFS,4,24,32378.6280,3215,92.7623
FCFS,4,25,32538.5760,3202,92.2567
FCFS,4,26,32356.3160,3159,92.9580
FCFS,4,27,32427.0820,3234,93.2125
FCFS,4,28,32123.9420,3180,92.6525
FCFS,4,29,33030.4140,3210,92.9085
FCFS,4,30,33082.4710,3244,93.0756
FCFS,4,31,32982.4080,3226,93.4576
FCFS,4,32,32722.3470,3201,93.0013
FCFS,4,33,32991.8820,3219,92.4756
FCFS,4,34,32582.9400,3200,92.5844
FCFS,4,35,31842.1310,3155,92.3814
FCFS,4,36,32384.1410,3187,92.1573
FCFS,4,37,31965.1000,3173,92.6497
FCFS,4,38,32780.6240,3205,92.9182
FCFS,4,39,31815.7150,3173,92.1110
FCFS,4,40,33053.2260,3235,92.5391
FCFS,4,41,32855.6700,3228,92.7145
FCFS,4,42,32362.3820,3194,92.6083
FCFS,4,43,32600.1350,3189,92.9193
FCFS,4,44,32889.0610,3229,93.5017
FCFS,4,45,32747.4020,3236,92.0322
FCFS,4,46,32186.7830,3185,92.4825
FCFS,4,47,32245.0600,3199,92.8029
FCFS,4,48,33164.1190,3221,93.3716
FCFS,4,49,32061.0890,3186,92.2334
FCFS,4,50,31731.5400,3156,92.2701
FCFS,4,51,32585.1890,3200,92.9618
FCFS,4,52,32694.6710,3212,92.9329
FCFS,4,53,32505.3020,3194,92.6007
FCFS,4,54,32287.4870,3205,91.9982
FCFS,4,55,31686.6410,3149,92.5876
FCFS,4,56,32822.5070,3197,93.0281
FCFS,4,57,32246.1020,3178,92.8343
FCFS,4,58,32222.1450,3167,92.4554
FCFS,4,59,32765.8570,3199,92.9118
FCFS,4,60,32494.4320,3225,92.7676
FCFS,4,61,32290.8430,3189,92.6880
FCFS,4,62,32994.1400,3219,92.3627
FCFS,4,63,31992.2730,3174,91.4162
FCFS,4,64,32442.0610,3209,92.2113
FCFS,4,65,31849.2830,3186,92.2818
FCFS,4,66,32782.3230,3201,93.1925
FCFS,4,67,32529.6180,3219,92.1767
FCFS,4,68,32470.1470,3223,92.8673
FCFS,4,69,32805.2660,3198,92.5919
FCFS,4,70,32549.0860,3199,93.3136
FCFS,4,71,32762.3470,3231,92.4897
FCFS,4,72,31969.8400,3156,93.2096
FCFS,4,73,32995.4100,3250,93.1522
FCFS,4,74,33104.9530,3251,92.7980
FCFS,4,75,32022.1800,3178,92.7417
FCFS,4,76,32427.7510,3224,92.1687
FCFS,4,77,32556.9190,3196,92.8531
FCFS,4,78,32638.7770,3238,92.5960
FCFS,4,79,32731.7090,3204,92.9882
FCFS,4,80,32159.7380,3190,92.5335
FCFS,4,81,32222.8600,3177,91.8922
FCFS,4,82,32090.7510,3189,92.8484
FCFS,4,83,32711.7380,3198,92.6900
FCFS,4,84,32021.2960,3165,92.4020
FCFS,4,85,32453.2670,3219,92.6474
FCFS,4,86,31538.3950,3154,92.4984
FCFS,4,87,32561.0680,3206,92.4119
FCFS,4,88,31652.3040,3185,92.2719
FCFS,4,89,32563.2810,3211,92.7776
FCFS,4,90,31795.2670,3169,92.7176
FCFS,4,91,32806.7360,3242,92.3823
FCFS,4,92,32131.5110,3175,92.1652
FCFS,4,93,32986.1890,3209,92.8594
FCFS,4,94,32850.7570,3232,92.9101
FCFS,4,95,32617.3250,3194,92.6350
FCFS,4,96,32763.1000,3216,93.1436
FCFS,4,97,32368.9200,3180,93.3327
FCFS,4,98,32733.2170,3221,92.6285
FCFS,4,99,32362.4290,3205,92.3950
FCFS,4,100,31740.8280,3149,92.1167
RR,4,1,39081.3140,5521,95.1572
RR,4,2,39676.4300,5556,95.5766
RR,4,3,40097.0230,5611,95.4579
RR,4,4,38813.1380,5506,95.2393
RR,4,5,39446.1560,5547,95.3062
RR,4,6,39493.5590,5529,95.3920
RR,4,7,39379.8910,5573,95.3865
RR,4,8,39104.7540,5548,94.9947
RR,4,9,39455.6160,5547,95.6185
RR,4,10,39034.5920,5475,94.8847
RR,4,11,39624.4700,5584,95.5372
RR,4,12,39863.3200,5583,95.2367
RR,4,13,39151.7790,5532,95.4593
RR,4,14,38069.2600,5409,94.8434
RR,4,15,39132.0450,5534,95.2695
RR,4,16,39530.9910,5503,95.5429
RR,4,17,39246.2960,5526,95.5003
RR,4,18,38846.2740,5467,94.8740
RR,4,19,39238.1180,5557,94.9215
RR,4,20,40042.0650,5566,95.3984
RR,4,21,40440.1630,5631,95.1834
RR,4,22,40511.2080,5605,95.5860
RR,4,23,39211.5790,5576,95.5252
RR,4,24,39558.9570,5515,95.8759
RR,4,25,39341.2110,5555,95.0938
RR,4,26,39707.1500,5551,95.3724
RR,4,27,39269.6310,5538,95.4982
RR,4,28,39121.3220,5510,95.3620
RR,4,29,40098.4170,5602,95.6209
RR,4,30,40306.3120,5616,95.6773
RR,4,31,39892.5220,5579,96.0081
RR,4,32,39710.9780,5526,95.6723
RR,4,33,39992.9860,5589,95.9262
RR,4,34,39882.9240,5556,95.1305
RR,4,35,39091.7920,5521,95.2788
RR,4,36,39535.6310,5536,95.3754
RR,4,37,38955.8530,5532,95.3069
RR,4,38,40191.5520,5581,95.5734
RR,4,39,38809.4210,5492,95.1073
RR,4,40,40066.6660,5622,95.5121
RR,4,41,40060.1930,5649,95.3193
RR,4,42,39553.0210,5560,95.1782
RR,4,43,39663.6670,5550,95.1881
RR,4,44,40127.2540,5625,95.6415
RR,4,45,39829.6910,5572,95.1178
RR,4,46,39276.4750,5535,95.6863
RR,4,47,39422.0110,5540,95.3508
RR,4,48,40458.5320,5619,95.6910
RR,4,49,38961.7100,5519,94.9396
RR,4,50,38652.1770,5445,94.8773
RR,4,51,39673.2140,5502,95.4084
RR,4,52,39570.2230,5578,95.2000
RR,4,53,39455.9890,5538,95.3680
RR,4,54,39508.8830,5563,95.3936
RR,4,55,39051.5940,5486,94.9981
RR,4,56,40151.7210,5548,95.6084
RR,4,57,39034.9920,5486,95.0820
RR,4,58,39056.9350,5529,95.4384
RR,4,59,40071.4440,5601,95.6556
RR,4,60,39703.1020,5600,95.3589
RR,4,61,39548.4610,5574,94.9321
RR,4,62,40088.9900,5605,95.1896
RR,4,63,38967.9750,5510,94.6658
RR,4,64,39241.8680,5562,95.3116
RR,4,65,38646.1620,5449,95.1143
RR,4,66,40223.2130,5594,95.2553
RR,4,67,39246.5770,5490,95.5716
RR,4,68,39443.2400,5535,95.2151
RR,4,69,39868.2420,5581,95.5202
RR,4,70,39550.1550,5540,95.5193
RR,4,71,40150.5310,5601,95.0129
RR,4,72,38864.8450,5432,95.5477
RR,4,73,40365.7750,5639,95.5014
RR,4,74,40370.7480,5657,95.7703
RR,4,75,39296.5150,5499,95.4841
RR,4,76,39342.7310,5560,95.3075
RR,4,77,39831.4370,5563,95.4662
RR,4,78,39531.2530,5580,95.3383
RR,4,79,39801.2100,5556,95.3623
RR,4,80,38714.0320,5464,95.5318
RR,4,81,39353.2080,5532,94.7475
RR,4,82,38912.4760,5479,95.0529
RR,4,83,39992.7380,5590,95.2992
RR,4,84,39381.7230,5501,94.8240
RR,4,85,39444.6630,5542,95.4722
RR,4,86,38521.9890,5455,95.3943
RR,4,87,39577.6540,5555,95.0608
RR,4,88,38698.3490,5514,94.7571
RR,4,89,39444.8100,5548,94.9233
RR,4,90,39220.0440,5509,95.1549
RR,4,91,39968.2080,5600,95.2719
RR,4,92,39260.2980,5517,95.2542
RR,4,93,40220.9130,5577,95.4576
RR,4,94,40023.7480,5580,95.2514
RR,4,95,39583.3840,5561,95.3029
RR,4,96,39956.4550,5587,95.5806
RR,4,97,39595.0930,5537,95.4371
RR,4,98,39653.6630,5582,95.0415
RR,4,99,39557.2180,5524,95.3042
RR,4,100,38831.3490,5438,94.7414
RR,3,100,195287.9850,20890,98.7317
PRIORIDADE,4,1,23430.4370,3211,70.2315
PRIORIDADE,4,2,23977.9960,3221,69.0910
PRIORIDADE,4,3,23939.5410,3224,66.4425
PRIORIDADE,4,4,23211.8590,3176,69.7342
PRIORIDADE,4,5,24150.8450,3196,67.7333
PRIORIDADE,4,6,23993.5470,3179,65.4859
PRIORIDADE,4,7,23602.9980,3216,67.8996
PRIORIDADE,4,8,23452.4100,3173,68.6009
PRIORIDADE,4,9,23775.3680,3190,67.8416
PRIORIDADE,4,10,23455.0670,3165,68.5466
PRIORIDADE,4,11,23829.2810,3217,66.7532
PRIORIDADE,4,12,24090.6750,3205,68.5421
PRIORIDADE,4,13,23588.6200,3203,68.6723
PRIORIDADE,4,14,23060.9720,3137,67.5330
PRIORIDADE,4,15,23579.9730,3200,69.2411
PRIORIDADE,4,16,23599.7160,3195,68.5287
PRIORIDADE,4,17,23600.8960,3198,68.7476
PRIORIDADE,4,18,23335.4690,3172,68.9429
PRIORIDADE,4,19,23529.4580,3198,67.4783
PRIORIDADE,4,20,23745.4370,3233,71.7037
PRIORIDADE,4,21,24154.6120,3222,68.9225
PRIORIDADE,4,22,24179.4510,3228,70.2094
PRIORIDADE,4,23,23691.8720,3220,68.4842
PRIORIDADE,4,24,23457.6510,3215,70.4822
PRIORIDADE,4,25,23866.9730,3202,67.5724
PRIORIDADE,4,26,23574.2470,3159,69.2899
PRIORIDADE,4,27,23609.0620,3234,69.0651
PRIORIDADE,4,28,23466.4540,3180,70.5391
PRIORIDADE,4,29,23992.2710,3210,69.5148
PRIORIDADE,4,30,24145.2360,3244,68.0592
PRIORIDADE,4,31,23966.3020,3226,68.1999
PRIORIDADE,4,32,23833.1360,3201,68.8654
PRIORIDADE,4,33,23803.8270,3219,68.9812
PRIORIDADE,4,34,23914.2030,3200,67.5682
PRIORIDADE,4,35,23519.5160,3155,70.4402
PRIORIDADE,4,36,23685.6670,3187,69.2048
PRIORIDADE,4,37,23297.3930,3173,69.4980
PRIORIDADE,4,38,23987.7350,3205,68.8008
PRIORIDADE,4,39,23359.4510,3173,67.1308
PRIORIDADE,4,40,23875.4530,3235,68.9939
PRIORIDADE,4,41,24200.5260,3228,68.4034
PRIORIDADE,4,42,23815.6910,3194,67.0749
PRIORIDADE,4,43,23568.2350,3189,68.1880
PRIORIDADE,4,44,24147.8970,3229,68.9106
PRIORIDADE,4,45,23986.0150,3236,68.5553
PRIORIDADE,4,46,23714.5220,3185,68.8999
PRIORIDADE,4,47,23761.6160,3199,67.4109
PRIORIDADE,4,48,24080.5600,3221,70.6720
PRIORIDADE,4,49,23665.4890,3186,66.1322
PRIORIDADE,4,50,23001.9520,3156,68.6300
PRIORIDADE,4,51,23429.4790,3200,68.8206
PRIORIDADE,4,52,23995.0760,3212,70.0230
PRIORIDADE,4,53,23643.7710,3194,68.4235
PRIORIDADE,4,54,23437.6870,3205,68.7555
PRIORIDADE,4,55,23667.8380,3149,67.6084
PRIORIDADE,4,56,23807.6080,3197,70.6729
PRIORIDADE,4,57,23896.4410,3178,68.2867
PRIORIDADE,4,58,23894.9380,3167,67.1647
PRIORIDADE,4,59,24022.6370,3199,70.6492
PRIORIDADE,4,60,23890.9790,3225,68.2485
PRIORIDADE,4,61,23510.3800,3189,70.5351
PRIORIDADE,4,62,23893.9160,3219,70.7839
PRIORIDADE,4,63,23428.6800,3174,67.2775
PRIORIDADE,4,64,23610.1020,3209,67.6984
PRIORIDADE,4,65,23304.8420,3186,70.1028
PRIORIDADE,4,66,23655.0380,3201,71.9292
PRIORIDADE,4,67,23771.2910,3219,66.6725
PRIORIDADE,4,68,23607.8300,3223,68.5155
PRIORIDADE,4,69,23766.9390,3198,69.6407
PRIORIDADE,4,70,23705.5350,3199,71.6131
PRIORIDADE,4,71,24109.6970,3231,69.7450
PRIORIDADE,4,72,23420.1210,3156,68.4640
PRIORIDADE,4,73,24196.1940,3250,68.4614
PRIORIDADE,4,74,24284.6860,3251,68.5298
PRIORIDADE,4,75,23255.7260,3178,70.1359
PRIORIDADE,4,76,23839.1850,3224,69.2562
PRIORIDADE,4,77,23892.3440,3196,69.1103
PRIORIDADE,4,78,23970.4600,3238,69.4900
PRIORIDADE,4,79,24062.6400,3204,67.5124
PRIORIDADE,4,80,23355.7560,3190,69.4103
PRIORIDADE,4,81,23576.7260,3177,68.7361
PRIORIDADE,4,82,23312.6010,3189,67.9789
PRIORIDADE,4,83,23867.5100,3198,70.1234
PRIORIDADE,4,84,23518.3140,3165,69.1929
PRIORIDADE,4,85,24002.2720,3219,66.8966
PRIORIDADE,4,86,22958.1250,3154,67.8727
PRIORIDADE,4,87,23572.0660,3206,67.3195
PRIORIDADE,4,88,23368.8400,3185,67.0592
PRIORIDADE,4,89,23664.1340,3211,70.0660
PRIORIDADE,4,90,23488.9730,3169,69.6919
PRIORIDADE,4,91,24268.3210,3242,68.5405
PRIORIDADE,4,92,23452.8560,3175,69.7344
PRIORIDADE,4,93,24031.7470,3209,69.3392
PRIORIDADE,4,94,23988.4440,3232,69.1751
PRIORIDADE,4,95,24002.3120,3194,67.7448
PRIORIDADE,4,96,23674.9110,3216,68.8686
PRIORIDADE,4,97,23870.4330,3180,69.4078
PRIORIDADE,4,98,23805.5070,3221,68.2318
PRIORIDADE,4,99,23827.6500,3205,67.0361
PRIORIDADE,4,100,23310.4220,3149,68.6342
PROPRIO,4,1,37044.7670,13845,67.3211
PROPRIO,4,2,36538.8380,12909,65.7989
PROPRIO,4,3,38971.9680,14077,65.3268
PROPRIO,4,4,38736.0290,14484,66.6997
PROPRIO,4,5,37274.0550,13136,65.2069
PROPRIO,4,6,37258.2290,13315,65.4322
PROPRIO,4,7,38275.4930,14169,64.3205
PROPRIO,4,8,37847.4170,13650,66.2724
PROPRIO,4,9,39058.2610,14636,67.4649
PROPRIO,4,10,37328.5280,13891,65.4441
PROPRIO,4,11,36979.6870,13181,64.8170
PROPRIO,4,12,38172.4200,13707,66.2063
PROPRIO,4,13,37204.4270,13543,66.3166
PROPRIO,4,14,38316.2750,13953,65.1048
PROPRIO,4,15,38708.4710,14250,65.3587
PROPRIO,4,16,38758.1060,14229,67.4852
PROPRIO,4,17,37424.9860,13582,65.4045
PROPRIO,4,18,37717.6850,13400,64.1949
PROPRIO,4,19,38831.6760,14103,63.1105
PROPRIO,4,20,39135.8580,14503,65.3889
PROPRIO,4,21,38964.1060,14016,66.3528
PROPRIO,4,22,39804.2690,14366,65.9627
PROPRIO,4,23,38558.6180,14126,63.6794
PROPRIO,4,24,37865.2250,14309,66.0669
PROPRIO,4,25,37818.8460,13790,64.1265
PROPRIO,4,26,37928.3930,13787,65.6708
PROPRIO,4,27,38166.6210,13947,66.0500
PROPRIO,4,28,36462.2790,13207,65.0667
PROPRIO,4,29,38847.4780,13995,65.0738
PROPRIO,4,30,38225.7870,13886,65.7682
PROPRIO,4,31,38990.7770,14259,66.7042
PROPRIO,4,32,38586.2100,13778,65.1167
PROPRIO,4,33,40763.8250,15305,65.1133
PROPRIO,4,34,38550.1170,13719,64.2867
PROPRIO,4,35,37458.9690,13483,65.5405
PROPRIO,4,36,38096.3280,13612,64.4693
PROPRIO,4,37,37606.4840,14114,65.2174
PROPRIO,4,38,39342.7100,14210,65.8771
PROPRIO,4,39,39099.4580,14451,64.9091
PROPRIO,4,40,37934.4090,14024,64.4307
PROPRIO,4,41,37853.7650,13756,65.3513
PROPRIO,4,42,38474.0200,13829,64.7050
PROPRIO,4,43,38932.1490,14920,65.1808
PROPRIO,4,44,36952.9360,13497,65.5590
PROPRIO,4,45,37550.4300,13700,62.6289
PROPRIO,4,46,37475.2300,13233,65.9457
PROPRIO,4,47,37899.6330,13789,66.8136
PROPRIO,4,48,37966.7680,13829,66.8943
PROPRIO,4,49,37343.1450,13695,64.9916
PROPRIO,4,50,38160.0020,14575,64.6790
PROPRIO,4,51,39350.1630,14687,65.3615
PROPRIO,4,52,37571.4490,13393,65.6513
PROPRIO,4,53,38251.9980,13992,65.0800
PROPRIO,4,54,38785.3570,14054,65.7708
PROPRIO,4,55,36355.8030,13002,66.2775
PROPRIO,4,56,38336.5460,13742,66.9260
PROPRIO,4,57,37927.5850,13848,65.2107
PROPRIO,4,58,37524.8180,13406,65.8232
PROPRIO,4,59,38365.3250,13696,65.8184
PROPRIO,4,60,38249.3250,14421,66.5050
PROPRIO,4,61,38434.0180,13738,65.4231
PROPRIO,4,62,38906.7050,14569,64.9515
PROPRIO,4,63,38200.0430,13597,64.2443
PROPRIO,4,64,38181.7840,13911,63.7085
PROPRIO,4,65,37558.7910,13674,64.1920
PROPRIO,4,66,39560.4570,14471,66.6007
PROPRIO,4,67,37790.6910,13848,63.8867
PROPRIO,4,68,39142.0860,14212,66.0361
PROPRIO,4,69,38861.3780,14138,65.0424
PROPRIO,4,70,38404.9440,14148,65.2013
PROPRIO,4,71,37435.7390,13394,64.1081
PROPRIO,4,72,38255.7330,13808,67.1183
PROPRIO,4,73,38683.6140,13708,67.5359
PROPRIO,4,74,39503.0670,14529,66.0936
PROPRIO,4,75,38444.4110,13816,65.6886
PROPRIO,4,76,36282.4830,13032,63.8464
PROPRIO,4,77,38288.1930,13867,67.5500
PROPRIO,4,78,38467.3270,13842,66.2514
PROPRIO,4,79,39229.2710,14153,65.2939
PROPRIO,4,80,37652.2540,14152,66.2355
PROPRIO,4,81,37441.8490,13650,62.9727
PROPRIO,4,82,38174.6390,14286,65.0477
PROPRIO,4,83,37467.3940,13668,65.5249
PROPRIO,4,84,37689.6790,13641,64.5824
PROPRIO,4,85,37176.1470,13637,65.2095
PROPRIO,4,86,37107.4670,13727,64.0465
PROPRIO,4,87,38366.1240,14294,64.6500
PROPRIO,4,88,36655.0250,13354,64.9222
PROPRIO,4,89,38740.5900,14223,66.0225
PROPRIO,4,90,37015.7260,13704,66.1407
PROPRIO,4,91,38295.8210,13690,64.1176
PROPRIO,4,92,38047.9220,13841,63.9890
PROPRIO,4,93,39254.2740,14095,65.9793
PROPRIO,4,94,38549.7290,13890,64.4314
PROPRIO,4,95,38644.8540,14053,65.5769
PROPRIO,4,96,39584.3640,14640,67.9611
PROPRIO,4,97,36967.6660,13304,66.3778
PROPRIO,4,98,39339.1310,14607,65.4640
PROPRIO,4,99,35991.0410,12832,65.7435
PROPRIO,4,100,37753.4420,13108,65.5976
